Jahr,Stadtraum,Anzahl_Kinder_pro_Haushalt
1999,01 StB Altstadt ohne Johannstadt,1.619047619047619
1999,02 Johannstadt,1.580827067669173
1999,03 StB Neustadt ohne Leipziger Vorstadt,1.5680803571428572
1999,"04 Leipziger Vorstadt, Pieschen",1.5813637070440054
1999,"05 Mickten, Kaditz, Trachau",1.5768072289156625
1999,06 StB Klotzsche und nördliche OS,1.5543933054393304
1999,07 StB Loschwitz und OS Schönfeld-Weißig,1.5743243243243243
1999,"08 Blasewitz, Striesen",1.565524193548387
1999,"09 Tolkewitz, Seidnitz, Gruna",1.5730994152046782
1999,10 StB Leuben,1.5558035714285714
1999,"11 Prohlis, Reick (mit Sternhäuser, Am Koitschgraben)",1.5878839590443685
1999,"12 Niedersedlitz, Leubnitz, Strehlen (ohne Sternhäuser, Am Koitschgraben)",1.5690298507462686
1999,"13 Südvorstadt, Zschertnitz",1.5711805555555556
1999,"14 Mockritz, Coschütz, Plauen",1.5517857142857143
1999,"15 Cotta, Löbtau, Naußlitz, Dölzschen",1.5602094240837696
1999,16 Gorbitz,1.584862385321101
1999,17 Briesnitz und westliche OS,1.5496575342465753
2000,01 StB Altstadt ohne Johannstadt,1.6365384615384615
2000,02 Johannstadt,1.6059322033898304
2000,03 StB Neustadt ohne Leipziger Vorstadt,1.5690045248868778
2000,"04 Leipziger Vorstadt, Pieschen",1.5919612794612794
2000,"05 Mickten, Kaditz, Trachau",1.5810055865921788
2000,06 StB Klotzsche und nördliche OS,1.5576923076923077
2000,07 StB Loschwitz und OS Schönfeld-Weißig,1.5681818181818183
2000,"08 Blasewitz, Striesen",1.5671487603305785
2000,"09 Tolkewitz, Seidnitz, Gruna",1.5712209302325582
2000,10 StB Leuben,1.5701357466063348
2000,"11 Prohlis, Reick (mit Sternhäuser, Am Koitschgraben)",1.5910041841004183
2000,"12 Niedersedlitz, Leubnitz, Strehlen (ohne Sternhäuser, Am Koitschgraben)",1.5673828125
2000,"13 Südvorstadt, Zschertnitz",1.5857142857142859
2000,"14 Mockritz, Coschütz, Plauen",1.5503355704697985
2000,"15 Cotta, Löbtau, Naußlitz, Dölzschen",1.5550000000000002
2000,16 Gorbitz,1.5975000000000001
2000,17 Briesnitz und westliche OS,1.5565693430656933
2001,01 StB Altstadt ohne Johannstadt,1.633495145631068
2001,02 Johannstadt,1.5756880733944953
2001,03 StB Neustadt ohne Leipziger Vorstadt,1.57487922705314
2001,"04 Leipziger Vorstadt, Pieschen",1.5804924242424243
2001,"05 Mickten, Kaditz, Trachau",1.5728021978021978
2001,06 StB Klotzsche und nördliche OS,1.5596707818930042
2001,07 StB Loschwitz und OS Schönfeld-Weißig,1.571884984025559
2001,"08 Blasewitz, Striesen",1.5451680672268906
2001,"09 Tolkewitz, Seidnitz, Gruna",1.5731707317073171
2001,10 StB Leuben,1.5643459915611815
2001,"11 Prohlis, Reick (mit Sternhäuser, Am Koitschgraben)",1.603286384976526
2001,"12 Niedersedlitz, Leubnitz, Strehlen (ohne Sternhäuser, Am Koitschgraben)",1.5682730923694779
2001,"13 Südvorstadt, Zschertnitz",1.5882352941176472
2001,"14 Mockritz, Coschütz, Plauen",1.5443037974683544
2001,"15 Cotta, Löbtau, Naußlitz, Dölzschen",1.5733830845771144
2001,16 Gorbitz,1.5960365853658538
2001,17 Briesnitz und westliche OS,1.5589430894308944
2002,01 StB Altstadt ohne Johannstadt,1.627659574468085
2002,02 Johannstadt,1.575
2002,03 StB Neustadt ohne Leipziger Vorstadt,1.5717703349282297
2002,"04 Leipziger Vorstadt, Pieschen",1.583324187884109
2002,"05 Mickten, Kaditz, Trachau",1.560810810810811
2002,06 StB Klotzsche und nördliche OS,1.5581896551724137
2002,07 StB Loschwitz und OS Schönfeld-Weißig,1.576158940397351
2002,"08 Blasewitz, Striesen",1.5363805970149254
2002,"09 Tolkewitz, Seidnitz, Gruna",1.559375
2002,10 StB Leuben,1.5603448275862069
2002,"11 Prohlis, Reick (mit Sternhäuser, Am Koitschgraben)",1.6031553398058254
2002,"12 Niedersedlitz, Leubnitz, Strehlen (ohne Sternhäuser, Am Koitschgraben)",1.5741869918699187
2002,"13 Südvorstadt, Zschertnitz",1.58587786259542
2002,"14 Mockritz, Coschütz, Plauen",1.5484848484848484
2002,"15 Cotta, Löbtau, Naußlitz, Dölzschen",1.5671641791044775
2002,16 Gorbitz,1.6025641025641026
2002,17 Briesnitz und westliche OS,1.5535714285714286
2003,01 StB Altstadt ohne Johannstadt,1.6209655752769772
2003,02 Johannstadt,1.5997406484831824
2003,03 StB Neustadt ohne Leipziger Vorstadt,1.5797431408566691
2003,"04 Leipziger Vorstadt, Pieschen",1.5769363977092987
2003,"05 Mickten, Kaditz, Trachau",1.569151357825512
2003,06 StB Klotzsche und nördliche OS,1.5582351962449215
2003,07 StB Loschwitz und OS Schönfeld-Weißig,1.5785135150391023
2003,"08 Blasewitz, Striesen",1.5414249574944074
2003,"09 Tolkewitz, Seidnitz, Gruna",1.5659842461934166
2003,10 StB Leuben,1.5695228819218434
2003,"11 Prohlis, Reick (mit Sternhäuser, Am Koitschgraben)",1.5945210925108304
2003,"12 Niedersedlitz, Leubnitz, Strehlen (ohne Sternhäuser, Am Koitschgraben)",1.5894945350769691
2003,"13 Südvorstadt, Zschertnitz",1.5863200918506677
2003,"14 Mockritz, Coschütz, Plauen",1.5531673343830765
2003,"15 Cotta, Löbtau, Naußlitz, Dölzschen",1.5639131138571278
2003,16 Gorbitz,1.6324469219446063
2003,17 Briesnitz und westliche OS,1.5504436338238365
2004,01 StB Altstadt ohne Johannstadt,1.6339285714285714
2004,02 Johannstadt,1.5982142857142856
2004,03 StB Neustadt ohne Leipziger Vorstadt,1.5787671232876712
2004,"04 Leipziger Vorstadt, Pieschen",1.5874560729189546
2004,"05 Mickten, Kaditz, Trachau",1.5708092485549132
2004,06 StB Klotzsche und nördliche OS,1.5589430894308944
2004,07 StB Loschwitz und OS Schönfeld-Weißig,1.5783333333333334
2004,"08 Blasewitz, Striesen",1.5434782608695652
2004,"09 Tolkewitz, Seidnitz, Gruna",1.5664556962025316
2004,10 StB Leuben,1.574579831932773
2004,"11 Prohlis, Reick (mit Sternhäuser, Am Koitschgraben)",1.6075418994413408
2004,"12 Niedersedlitz, Leubnitz, Strehlen (ohne Sternhäuser, Am Koitschgraben)",1.5887755102040817
2004,"13 Südvorstadt, Zschertnitz",1.5792682926829267
2004,"14 Mockritz, Coschütz, Plauen",1.5696969696969698
2004,"15 Cotta, Löbtau, Naußlitz, Dölzschen",1.569672131147541
2004,16 Gorbitz,1.6457055214723928
2004,17 Briesnitz und westliche OS,1.5366666666666666
2005,01 StB Altstadt ohne Johannstadt,1.6192660550458715
2005,02 Johannstadt,1.59251968503937
2005,03 StB Neustadt ohne Leipziger Vorstadt,1.5759911894273126
2005,"04 Leipziger Vorstadt, Pieschen",1.5846705046545813
2005,"05 Mickten, Kaditz, Trachau",1.5709876543209877
2005,06 StB Klotzsche und nördliche OS,1.5627530364372468
2005,07 StB Loschwitz und OS Schönfeld-Weißig,1.5702341137123745
2005,"08 Blasewitz, Striesen",1.5555555555555556
2005,"09 Tolkewitz, Seidnitz, Gruna",1.5701219512195121
2005,10 StB Leuben,1.5622529644268774
2005,"11 Prohlis, Reick (mit Sternhäuser, Am Koitschgraben)",1.5909090909090908
2005,"12 Niedersedlitz, Leubnitz, Strehlen (ohne Sternhäuser, Am Koitschgraben)",1.588709677419355
2005,"13 Südvorstadt, Zschertnitz",1.5717213114754098
2005,"14 Mockritz, Coschütz, Plauen",1.564935064935065
2005,"15 Cotta, Löbtau, Naußlitz, Dölzschen",1.5760233918128654
2005,16 Gorbitz,1.6597633136094676
2005,17 Briesnitz und westliche OS,1.5330188679245285
2006,01 StB Altstadt ohne Johannstadt,1.6
2006,02 Johannstadt,1.5940170940170941
2006,03 StB Neustadt ohne Leipziger Vorstadt,1.5678879310344827
2006,"04 Leipziger Vorstadt, Pieschen",1.5982393916155417
2006,"05 Mickten, Kaditz, Trachau",1.573611111111111
2006,06 StB Klotzsche und nördliche OS,1.560377358490566
2006,07 StB Loschwitz und OS Schönfeld-Weißig,1.5625
2006,"08 Blasewitz, Striesen",1.5467741935483872
2006,"09 Tolkewitz, Seidnitz, Gruna",1.5679190751445087
2006,10 StB Leuben,1.5698818897637796
2006,"11 Prohlis, Reick (mit Sternhäuser, Am Koitschgraben)",1.5958083832335328
2006,"12 Niedersedlitz, Leubnitz, Strehlen (ohne Sternhäuser, Am Koitschgraben)",1.5855855855855856
2006,"13 Südvorstadt, Zschertnitz",1.584051724137931
2006,"14 Mockritz, Coschütz, Plauen",1.5748502994011977
2006,"15 Cotta, Löbtau, Naußlitz, Dölzschen",1.5880681818181817
2006,16 Gorbitz,1.65
2006,17 Briesnitz und westliche OS,1.5445205479452055
2007,01 StB Altstadt ohne Johannstadt,1.622093023255814
2007,02 Johannstadt,1.5888429752066116
2007,03 StB Neustadt ohne Leipziger Vorstadt,1.5606060606060606
2007,"04 Leipziger Vorstadt, Pieschen",1.6138988095238096
2007,"05 Mickten, Kaditz, Trachau",1.5568181818181817
2007,06 StB Klotzsche und nördliche OS,1.565884476534296
2007,07 StB Loschwitz und OS Schönfeld-Weißig,1.5538720538720538
2007,"08 Blasewitz, Striesen",1.549363057324841
2007,"09 Tolkewitz, Seidnitz, Gruna",1.5625
2007,10 StB Leuben,1.5634615384615385
2007,"11 Prohlis, Reick (mit Sternhäuser, Am Koitschgraben)",1.5848765432098766
2007,"12 Niedersedlitz, Leubnitz, Strehlen (ohne Sternhäuser, Am Koitschgraben)",1.5708154506437768
2007,"13 Südvorstadt, Zschertnitz",1.574803149606299
2007,"14 Mockritz, Coschütz, Plauen",1.572857142857143
2007,"15 Cotta, Löbtau, Naußlitz, Dölzschen",1.5810439560439562
2007,16 Gorbitz,1.5951612903225807
2007,17 Briesnitz und westliche OS,1.5419463087248322
2008,01 StB Altstadt ohne Johannstadt,1.6117021276595744
2008,02 Johannstadt,1.5772727272727272
2008,03 StB Neustadt ohne Leipziger Vorstadt,1.5548780487804879
2008,"04 Leipziger Vorstadt, Pieschen",1.5873379099923721
2008,"05 Mickten, Kaditz, Trachau",1.565
2008,06 StB Klotzsche und nördliche OS,1.5654761904761905
2008,07 StB Loschwitz und OS Schönfeld-Weißig,1.5483050847457627
2008,"08 Blasewitz, Striesen",1.5489766081871346
2008,"09 Tolkewitz, Seidnitz, Gruna",1.5650887573964498
2008,10 StB Leuben,1.5775862068965516
2008,"11 Prohlis, Reick (mit Sternhäuser, Am Koitschgraben)",1.5887573964497042
2008,"12 Niedersedlitz, Leubnitz, Strehlen (ohne Sternhäuser, Am Koitschgraben)",1.5696902654867255
2008,"13 Südvorstadt, Zschertnitz",1.58
2008,"14 Mockritz, Coschütz, Plauen",1.5714285714285714
2008,"15 Cotta, Löbtau, Naußlitz, Dölzschen",1.5761421319796955
2008,16 Gorbitz,1.5920138888888888
2008,17 Briesnitz und westliche OS,1.5348101265822784
2009,01 StB Altstadt ohne Johannstadt,1.5957943925233646
2009,02 Johannstadt,1.5862068965517242
2009,03 StB Neustadt ohne Leipziger Vorstadt,1.5533596837944663
2009,"04 Leipziger Vorstadt, Pieschen",1.58330223880597
2009,"05 Mickten, Kaditz, Trachau",1.5657894736842106
2009,06 StB Klotzsche und nördliche OS,1.5652542372881357
2009,07 StB Loschwitz und OS Schönfeld-Weißig,1.5482315112540193
2009,"08 Blasewitz, Striesen",1.546831955922865
2009,"09 Tolkewitz, Seidnitz, Gruna",1.5635593220338984
2009,10 StB Leuben,1.5768518518518517
2009,"11 Prohlis, Reick (mit Sternhäuser, Am Koitschgraben)",1.5803030303030303
2009,"12 Niedersedlitz, Leubnitz, Strehlen (ohne Sternhäuser, Am Koitschgraben)",1.5671806167400881
2009,"13 Südvorstadt, Zschertnitz",1.5643382352941178
2009,"14 Mockritz, Coschütz, Plauen",1.5759162303664922
2009,"15 Cotta, Löbtau, Naußlitz, Dölzschen",1.5587499999999999
2009,16 Gorbitz,1.5954861111111112
2009,17 Briesnitz und westliche OS,1.5425170068027212
2010,01 StB Altstadt ohne Johannstadt,1.5964912280701755
2010,02 Johannstadt,1.576
2010,03 StB Neustadt ohne Leipziger Vorstadt,1.5475778546712804
2010,"04 Leipziger Vorstadt, Pieschen",1.5812911343399148
2010,"05 Mickten, Kaditz, Trachau",1.5619158878504673
2010,06 StB Klotzsche und nördliche OS,1.555466237942122
2010,07 StB Loschwitz und OS Schönfeld-Weißig,1.5492424242424243
2010,"08 Blasewitz, Striesen",1.5378787878787878
2010,"09 Tolkewitz, Seidnitz, Gruna",1.5702702702702702
2010,10 StB Leuben,1.5735815602836878
2010,"11 Prohlis, Reick (mit Sternhäuser, Am Koitschgraben)",1.5867052023121389
2010,"12 Niedersedlitz, Leubnitz, Strehlen (ohne Sternhäuser, Am Koitschgraben)",1.5597165991902835
2010,"13 Südvorstadt, Zschertnitz",1.5599315068493151
2010,"14 Mockritz, Coschütz, Plauen",1.5696517412935322
2010,"15 Cotta, Löbtau, Naußlitz, Dölzschen",1.5542035398230087
2010,16 Gorbitz,1.606012658227848
2010,17 Briesnitz und westliche OS,1.5357142857142856
2011,01 StB Altstadt ohne Johannstadt,1.591880341880342
2011,02 Johannstadt,1.5833333333333335
2011,03 StB Neustadt ohne Leipziger Vorstadt,1.543613707165109
2011,"04 Leipziger Vorstadt, Pieschen",1.5852112676056338
2011,"05 Mickten, Kaditz, Trachau",1.5636363636363635
2011,06 StB Klotzsche und nördliche OS,1.5480182926829267
2011,07 StB Loschwitz und OS Schönfeld-Weißig,1.546242774566474
2011,"08 Blasewitz, Striesen",1.5376157407407407
2011,"09 Tolkewitz, Seidnitz, Gruna",1.5731707317073171
2011,10 StB Leuben,1.56740614334471
2011,"11 Prohlis, Reick (mit Sternhäuser, Am Koitschgraben)",1.5947802197802199
2011,"12 Niedersedlitz, Leubnitz, Strehlen (ohne Sternhäuser, Am Koitschgraben)",1.5646718146718146
2011,"13 Südvorstadt, Zschertnitz",1.5633116883116882
2011,"14 Mockritz, Coschütz, Plauen",1.563095238095238
2011,"15 Cotta, Löbtau, Naußlitz, Dölzschen",1.5475206611570247
2011,16 Gorbitz,1.6036585365853657
2011,17 Briesnitz und westliche OS,1.538109756097561
2012,01 StB Altstadt ohne Johannstadt,1.596774193548387
2012,02 Johannstadt,1.580827067669173
2012,03 StB Neustadt ohne Leipziger Vorstadt,1.5461432506887052
2012,"04 Leipziger Vorstadt, Pieschen",1.5751689189189189
2012,"05 Mickten, Kaditz, Trachau",1.5570539419087137
2012,06 StB Klotzsche und nördliche OS,1.5467359050445104
2012,07 StB Loschwitz und OS Schönfeld-Weißig,1.5434782608695652
2012,"08 Blasewitz, Striesen",1.5433114035087718
2012,"09 Tolkewitz, Seidnitz, Gruna",1.5712719298245614
2012,10 StB Leuben,1.5678807947019866
2012,"11 Prohlis, Reick (mit Sternhäuser, Am Koitschgraben)",1.5985221674876846
2012,"12 Niedersedlitz, Leubnitz, Strehlen (ohne Sternhäuser, Am Koitschgraben)",1.5618374558303887
2012,"13 Südvorstadt, Zschertnitz",1.5741279069767442
2012,"14 Mockritz, Coschütz, Plauen",1.5495391705069124
2012,"15 Cotta, Löbtau, Naußlitz, Dölzschen",1.5445075757575757
2012,16 Gorbitz,1.596875
2012,17 Briesnitz und westliche OS,1.55
2013,01 StB Altstadt ohne Johannstadt,1.6050420168067228
2013,02 Johannstadt,1.566546762589928
2013,03 StB Neustadt ohne Leipziger Vorstadt,1.5387596899224807
2013,"04 Leipziger Vorstadt, Pieschen",1.5646368769470405
2013,"05 Mickten, Kaditz, Trachau",1.5527777777777778
2013,06 StB Klotzsche und nördliche OS,1.548529411764706
2013,07 StB Loschwitz und OS Schönfeld-Weißig,1.543640897755611
2013,"08 Blasewitz, Striesen",1.5445134575569357
2013,"09 Tolkewitz, Seidnitz, Gruna",1.5642857142857143
2013,10 StB Leuben,1.5663934426229509
2013,"11 Prohlis, Reick (mit Sternhäuser, Am Koitschgraben)",1.5963983050847457
2013,"12 Niedersedlitz, Leubnitz, Strehlen (ohne Sternhäuser, Am Koitschgraben)",1.5622923588039868
2013,"13 Südvorstadt, Zschertnitz",1.5733532934131738
2013,"14 Mockritz, Coschütz, Plauen",1.5508658008658007
2013,"15 Cotta, Löbtau, Naußlitz, Dölzschen",1.5381205673758864
2013,16 Gorbitz,1.6069651741293534
2013,17 Briesnitz und westliche OS,1.549492385786802
2014,01 StB Altstadt ohne Johannstadt,1.5857664233576643
2014,02 Johannstadt,1.5509868421052633
2014,03 StB Neustadt ohne Leipziger Vorstadt,1.5392030848329048
2014,"04 Leipziger Vorstadt, Pieschen",1.5576097420100117
2014,"05 Mickten, Kaditz, Trachau",1.5531716417910446
2014,06 StB Klotzsche und nördliche OS,1.5457063711911356
2014,07 StB Loschwitz und OS Schönfeld-Weißig,1.5472488038277512
2014,"08 Blasewitz, Striesen",1.5515625
2014,"09 Tolkewitz, Seidnitz, Gruna",1.5694444444444444
2014,10 StB Leuben,1.5638801261829653
2014,"11 Prohlis, Reick (mit Sternhäuser, Am Koitschgraben)",1.6025390625
2014,"12 Niedersedlitz, Leubnitz, Strehlen (ohne Sternhäuser, Am Koitschgraben)",1.5552805280528053
2014,"13 Südvorstadt, Zschertnitz",1.5655339805825244
2014,"14 Mockritz, Coschütz, Plauen",1.5441176470588234
2014,"15 Cotta, Löbtau, Naußlitz, Dölzschen",1.5373263888888888
2014,16 Gorbitz,1.6013513513513513
2014,17 Briesnitz und westliche OS,1.5474999999999999
2015,01 StB Altstadt ohne Johannstadt,1.5821917808219177
2015,02 Johannstadt,1.5531609195402298
2015,03 StB Neustadt ohne Leipziger Vorstadt,1.5436893203883495
2015,"04 Leipziger Vorstadt, Pieschen",1.5516148559626821
2015,"05 Mickten, Kaditz, Trachau",1.5463636363636364
2015,06 StB Klotzsche und nördliche OS,1.5481843575418994
2015,07 StB Loschwitz und OS Schönfeld-Weißig,1.5464547677261615
2015,"08 Blasewitz, Striesen",1.547029702970297
2015,"09 Tolkewitz, Seidnitz, Gruna",1.5615942028985508
2015,10 StB Leuben,1.5572289156626506
2015,"11 Prohlis, Reick (mit Sternhäuser, Am Koitschgraben)",1.600909090909091
2015,"12 Niedersedlitz, Leubnitz, Strehlen (ohne Sternhäuser, Am Koitschgraben)",1.5598360655737706
2015,"13 Südvorstadt, Zschertnitz",1.5599547511312217
2015,"14 Mockritz, Coschütz, Plauen",1.5443037974683544
2015,"15 Cotta, Löbtau, Naußlitz, Dölzschen",1.5368589743589745
2015,16 Gorbitz,1.617283950617284
2015,17 Briesnitz und westliche OS,1.5467980295566504
2016,01 StB Altstadt ohne Johannstadt,1.591614906832298
2016,02 Johannstadt,1.556878306878307
2016,03 StB Neustadt ohne Leipziger Vorstadt,1.5435034802784222
2016,"04 Leipziger Vorstadt, Pieschen",1.5548971377459748
2016,"05 Mickten, Kaditz, Trachau",1.5419708029197081
2016,06 StB Klotzsche und nördliche OS,1.5489276139410189
2016,07 StB Loschwitz und OS Schönfeld-Weißig,1.5488505747126435
2016,"08 Blasewitz, Striesen",1.5476190476190477
2016,"09 Tolkewitz, Seidnitz, Gruna",1.560430463576159
2016,10 StB Leuben,1.5617897727272727
2016,"11 Prohlis, Reick (mit Sternhäuser, Am Koitschgraben)",1.5959119496855347
2016,"12 Niedersedlitz, Leubnitz, Strehlen (ohne Sternhäuser, Am Koitschgraben)",1.558868501529052
2016,"13 Südvorstadt, Zschertnitz",1.5601503759398496
2016,"14 Mockritz, Coschütz, Plauen",1.5450819672131146
2016,"15 Cotta, Löbtau, Naußlitz, Dölzschen",1.5430513595166162
2016,16 Gorbitz,1.625
2016,17 Briesnitz und westliche OS,1.5514354066985647
2017,01 StB Altstadt ohne Johannstadt,1.5909090909090908
2017,02 Johannstadt,1.5695754716981132
2017,03 StB Neustadt ohne Leipziger Vorstadt,1.5496613995485329
2017,"04 Leipziger Vorstadt, Pieschen",1.5540554105601285
2017,"05 Mickten, Kaditz, Trachau",1.547872340425532
2017,06 StB Klotzsche und nördliche OS,1.5507915567282322
2017,07 StB Loschwitz und OS Schönfeld-Weißig,1.5469107551487413
2017,"08 Blasewitz, Striesen",1.5463320463320462
2017,"09 Tolkewitz, Seidnitz, Gruna",1.554054054054054
2017,10 StB Leuben,1.5695592286501379
2017,"11 Prohlis, Reick (mit Sternhäuser, Am Koitschgraben)",1.5931952662721893
2017,"12 Niedersedlitz, Leubnitz, Strehlen (ohne Sternhäuser, Am Koitschgraben)",1.5526315789473686
2017,"13 Südvorstadt, Zschertnitz",1.5916666666666668
2017,"14 Mockritz, Coschütz, Plauen",1.5431726907630523
2017,"15 Cotta, Löbtau, Naußlitz, Dölzschen",1.542225201072386
2017,16 Gorbitz,1.6341059602649006
2017,17 Briesnitz und westliche OS,1.5472350230414746
2018,01 StB Altstadt ohne Johannstadt,1.5837155963302751
2018,02 Johannstadt,1.5678879310344827
2018,03 StB Neustadt ohne Leipziger Vorstadt,1.5458823529411765
2018,"04 Leipziger Vorstadt, Pieschen",1.543890056022409
2018,"05 Mickten, Kaditz, Trachau",1.5452127659574468
2018,06 StB Klotzsche und nördliche OS,1.5505249343832022
2018,07 StB Loschwitz und OS Schönfeld-Weißig,1.5462555066079295
2018,"08 Blasewitz, Striesen",1.5475047984644914
2018,"09 Tolkewitz, Seidnitz, Gruna",1.5491525423728814
2018,10 StB Leuben,1.5691214470284238
2018,"11 Prohlis, Reick (mit Sternhäuser, Am Koitschgraben)",1.5861581920903953
2018,"12 Niedersedlitz, Leubnitz, Strehlen (ohne Sternhäuser, Am Koitschgraben)",1.5554755043227666
2018,"13 Südvorstadt, Zschertnitz",1.589522546419098
2018,"14 Mockritz, Coschütz, Plauen",1.5370722433460076
2018,"15 Cotta, Löbtau, Naußlitz, Dölzschen",1.5401785714285714
2018,16 Gorbitz,1.622041420118343
2018,17 Briesnitz und westliche OS,1.5378787878787878
